date,hashtags,text,user,verifieduser,registeredon,followersuser,followinguser,tweetsuser,favoritestweetsuser,retweet,quote,reply,likes,isquote,originaldate,originaltext,originaluser,originalverified,originallocation,originalquotecount,originalreplycount,originalretweetcount,originalfavoritecount,language,device,location,latitude,longitude
Wed Jul 08 23:33:31 +0000 2020,[],RT @hey_itsNDO: This isn‚Äôt the flu. The scary shit about COVID is that symptoms and long term effects are still being discovered. Be smart‚Ä¶,_fabeany_,False,Thu Mar 21 01:46:23 +0000 2019,303,641,25860,45871,0,0,0,0,True,Wed Jul 08 00:30:05 +0000 2020,Scientists warn of potential wave of COVID-linked brain damage https://t.co/AaDpF3IqDW https://t.co/tvk9YKDF95,Reuters,True,Around the world,665,288,1637,2123,en,ANDROID,cis she/her,None,None
Wed Jul 08 23:33:31 +0000 2020,[],"RT @ActualidadRT: El presidente de Brasil, Jair Bolsonaro, public√≥ en su cuenta de Facebook un video en el que toma una dosis de hidroxiclo‚Ä¶",burmosA,False,Thu Jul 08 05:31:48 +0000 2010,608,1078,59524,7435,0,0,0,0,False,None,None,None,None,None,None,None,None,None,es,ANDROID,Tabasco M√©xico,17.95078635,-92.48312213241397
Wed Jul 08 23:33:31 +0000 2020,[],RT @drakes_d4: Sanitization and delivery/take out options,badgyalrhorz,False,Fri Oct 04 13:41:49 +0000 2019,34,34,1992,94,0,0,0,0,True,Mon Jul 06 13:14:09 +0000 2020,What's the one thing you DON'T want to change post-COVID?,fredonair,True,"Chicago, IL",2040,197,42,153,en,IPHONE,,None,None
Wed Jul 08 23:33:31 +0000 2020,[],"RT @ddiamond: TONY FAUCI effectively agrees with those charts comparing U.S. and E.U. response on covid.

FAUCI: If you look at the graphs‚Ä¶",TheRealFMCH,False,Wed Jul 05 15:22:44 +0000 2017,217,1116,12175,10816,0,0,0,0,False,None,None,None,None,None,None,None,None,None,en,ANDROID,The Universe,55.041152350000004,9.810374515557207
Wed Jul 08 23:33:31 +0000 2020,[],@realDonaldTrump https://t.co/dty3tttVDe,Tim17430322,False,Tue Apr 21 20:52:52 +0000 2020,0,0,426,30,0,0,0,0,False,None,None,None,None,None,None,None,None,None,und,WEB APP,Here,43.8222157,17.6896937
Wed Jul 08 23:33:31 +0000 2020,[],.@ManUtd @Mike_Phelan_1 snap him up I beg,ReeceMUnitedV7,False,Fri May 29 16:16:16 +0000 2020,201,237,3434,4659,0,0,0,0,True,Wed Jul 08 22:44:49 +0000 2020,MARCA: Jovic for sale! Real Madrid are listening to offers. He has not convinced in either his sporting performance‚Ä¶ https://t.co/DDudfoTf3q,Ultra_Suristic,False,,22,14,7,97,en,ANDROID,Yer da's head,50.8250684,-0.1761844
Wed Jul 08 23:33:31 +0000 2020,[],"RT @mhdksafa: If you're wondering why the COVID-19 rate is so low in Germany and high in your country, it might be because their leader use‚Ä¶",iTrishLane,False,Fri Jan 31 18:28:43 +0000 2014,686,731,56433,14777,0,0,0,0,False,None,None,None,None,None,None,None,None,None,en,IPHONE,Earth,34.2331373,-102.4107493
Wed Jul 08 23:33:31 +0000 2020,[],"RT @Acosta: Tulsa sees Covid-19 surge in the wake of Trump's June rally
https://t.co/IF3XsyeEzX",FeliDiabolica,False,Fri May 06 01:26:06 +0000 2016,6842,7494,44653,205156,0,0,0,0,False,None,None,None,None,None,None,None,None,None,en,ANDROID,"Washington, USA",38.8949855,-77.0365708
Wed Jul 08 23:33:31 +0000 2020,[],RT @ruin_atm: No podemos comprarnos a ning√∫n pa√≠s. Esto es lo que pasa en Serbia cuando el gobierno te enga√±a y gestiona como el culo una c‚Ä¶,jose08__,False,Wed Dec 24 21:42:28 +0000 2014,132,178,838,1690,0,0,0,0,True,Tue Jul 07 21:48:11 +0000 2020,"Manifestantes en Belgrado intentan entrar al parlamento, protestan contra una posible nueva cuarentena despu√©s del‚Ä¶ https://t.co/TcP8KByRzX",14Milimetros,False,"Madrid, Espa√±a",4,2,62,99,es,ANDROID,,None,None
Wed Jul 08 23:33:31 +0000 2020,[],"RT @KyleKulinski: Japan has less than 1,000 covid deaths. They never went in to full economic shut down. They have an unemployment rate of‚Ä¶",jlemus_58,False,Sun Feb 12 02:19:02 +0000 2012,415,272,5745,56022,0,0,0,0,False,None,None,None,None,None,None,None,None,None,en,IPHONE,Madtown,43.1117248,-89.3633014
Wed Jul 08 23:33:31 +0000 2020,[],"RT @jennycohn1: ‚ÄúLast month, Michael Cohen, Paul Manafort, &amp; other high profile people were released from federal prison early bc heart &amp; l‚Ä¶",DA4Pups,False,Sun May 05 14:27:53 +0000 2013,8445,9285,156083,386952,0,0,0,0,False,None,None,None,None,None,None,None,None,None,en,ANDROID,"Memphis, TN",35.1490215,-90.0516285
Wed Jul 08 23:33:31 +0000 2020,[],"Oh great, two things that the Trump administration is bollixing.",JohnDWalke,False,Thu Jun 30 03:18:53 +0000 2011,5807,1740,49035,11568,0,0,0,0,True,Wed Jul 08 23:27:32 +0000 2020,ATSDR Warning On PFAS Worsening COVID Risks Drives New Rule Push https://t.co/me1hOyzV6g,InsideEPA,False,,0,0,0,0,en,IPHONE,,None,None
Wed Jul 08 23:33:31 +0000 2020,[],"RT @Hectorfernandez: He pasado el COVID. No es agradable, no sales sin alguna secuela m√°s o menos importante y las arrastras. Ahora tengo a‚Ä¶",SEMAMA83,False,Sun Aug 28 10:38:05 +0000 2011,231,500,25286,22297,0,0,0,0,False,None,None,None,None,None,None,None,None,None,es,ANDROID,Mairena del Alcor,37.3731974,-5.7474665
Wed Jul 08 23:33:31 +0000 2020,[],@seanhannity @realDonaldTrump @VP we will never forget,cscadsw,False,Fri Nov 20 11:21:13 +0000 2015,192,809,11422,14955,0,0,0,0,True,Wed Jul 08 20:39:52 +0000 2020,"I will never forgive shitty politicians who allow OUR KIDS to be used as political sacrifices, while criminal bums‚Ä¶ https://t.co/2d23Gm9gu7",mmpadellan,False,"Brooklyn, NY",64,160,2713,9572,en,IPHONE,,None,None
Wed Jul 08 23:33:31 +0000 2020,[],RT @LAVOZcomar: El expresidente opin√≥ que hay ‚Äúuna falta de liderazgo global‚Äù que impidi√≥ coordinar una estrategia com√∫n contra el Covid-19‚Ä¶,DeliaVerdu,False,Sun Aug 13 18:39:58 +0000 2017,121,54,77838,77523,0,0,0,0,False,None,None,None,None,None,None,None,None,None,es,ANDROID,,None,None
Wed Jul 08 23:33:31 +0000 2020,[],RT @KamVTV: Just a reminder that the survival rate for Covid-19 is still 99.85%,vbarn92,False,Sun May 20 04:19:12 +0000 2012,33,196,7080,12189,0,0,0,0,False,None,None,None,None,None,None,None,None,None,en,ANDROID,,None,None
Wed Jul 08 23:33:31 +0000 2020,[],"RT @Rubychagui: De los 1108 municipios del pa√≠s, m√°s de 400 no tienen casos de Covid-19, es injusto someter a estos compatriotas a medidas‚Ä¶",SergioRamiroOr4,False,Mon Jan 08 01:49:20 +0000 2018,59,243,3683,3913,0,0,0,0,False,None,None,None,None,None,None,None,None,None,es,ANDROID,"Ceret√©, Colombia",8.8884178,-75.84239456572658
Wed Jul 08 23:33:31 +0000 2020,[],"RT @CPHO_Canada: 2/2 Still, the virus has not been eliminated. Transmission persists and new clusters have emerged in some communities. #Pu‚Ä¶",BlueRaveFinn,False,Sat Jul 09 04:47:25 +0000 2011,1571,2049,339016,11503,0,0,0,0,False,None,None,None,None,None,None,None,None,None,en,IPAD,"Ontario, Canada",50.000678,-86.000977
Wed Jul 08 23:33:31 +0000 2020,[],RT @I__Hustle: I swear it‚Äôs underrated when people check up on you that‚Äôs the 2nd time during covid all by the same person I got real shit‚Ä¶,darianback95,False,Tue May 12 21:24:05 +0000 2020,57,149,2386,537,0,0,0,0,False,None,None,None,None,None,None,None,None,None,en,IPHONE,,None,None
Wed Jul 08 23:33:31 +0000 2020,[],@SYseult The ice cream place in downtown Troy makes their own. I think they closed for COVID though,dramaqueen91087,False,Fri Apr 10 22:07:50 +0000 2009,41,124,307,377,0,0,0,0,False,None,None,None,None,None,None,None,None,None,en,ANDROID,"Albany, NY",42.6511674,-73.754968
Wed Jul 08 23:33:31 +0000 2020,[],Absolutely unscrupulous racketeer.,WoiApple,False,Thu Oct 16 21:14:17 +0000 2014,424,730,41705,49559,0,0,0,0,True,Wed Jul 08 20:50:02 +0000 2020,Brazil's Bolsonaro vetoes plans to offer COVID-19 support to indigenous people https://t.co/45Trwr9VV1 https://t.co/7ZzCGmgAsC,Reuters,True,Around the world,98,79,115,92,en,WEB APP,,None,None
Wed Jul 08 23:33:31 +0000 2020,[],"Pensar que el monito Vargas rechazo a Boca por irse al Espanyol y ""Jugar"" en europa. 
Se lesion√≥ al poco tiempo de‚Ä¶ https://t.co/hakPgBBBG3",juliooelias07,False,Fri Jul 19 00:34:10 +0000 2019,8,17,21,283,0,0,0,0,False,None,None,None,None,None,None,None,None,None,es,ANDROID,Argentina,-34.9964963,-64.9672817
Wed Jul 08 23:33:31 +0000 2020,[],"RT @lara_lazar: Trump's Failures on Putin, Racial equality/BLM and COVID. But One Leader... https://t.co/V4Aera2gB5 via @YouTube
Worth list‚Ä¶",juntas_friend,False,Sat May 05 04:52:28 +0000 2012,248,255,16621,10612,0,0,0,0,False,None,None,None,None,None,None,None,None,None,en,WEB APP,,None,None
Wed Jul 08 23:33:31 +0000 2020,[],"RT @CNNEE: Expertos del University College de Londres explicaron que el covid-19 podr√≠a causar complicaciones neurol√≥gicas, incluyendo apop‚Ä¶",juliusneo,False,Wed Apr 14 14:15:36 +0000 2010,80,217,17954,7149,0,0,0,0,False,None,None,None,None,None,None,None,None,None,es,WEB APP,Per√∫,-6.8699697,-75.0458515
Wed Jul 08 23:33:31 +0000 2020,[],"RT @reumalho: O dono da Ricardo Eletro, sozinho, sonegou 400 milh√µes de reais de impostos. Uma di√°ria de UTI no SUS para paciente com covid‚Ä¶",andressapilgerr,False,Wed Jul 27 21:53:34 +0000 2011,466,482,9363,20670,0,0,0,0,False,None,None,None,None,None,None,None,None,None,pt,ANDROID,Santa Maria-RS,-29.6860512,-53.8069214
Wed Jul 08 23:33:31 +0000 2020,[],"RT @irene_r_r: Mi madre despues de a√±os en paro comenz√≥ con un negocio justo antes del covid y estos meses han sido horrorosos para ella, c‚Ä¶",kdnpv,False,Tue May 11 19:54:53 +0000 2010,371,511,83007,90969,0,0,0,0,False,None,None,None,None,None,None,None,None,None,es,ANDROID,la nada,30.7877833,76.7942834
Wed Jul 08 23:33:31 +0000 2020,[],"Sure, question the way he‚Äôs handled COVID, but you can‚Äôt fault @DanielAndrewsMP ‚Äòs footy tipping. 5 ahead of next b‚Ä¶ https://t.co/6aneWVaXeF",gregorydundas,True,Tue Dec 22 00:10:04 +0000 2009,1204,1347,1289,2719,0,0,0,0,False,None,None,None,None,None,None,None,None,None,en,IPHONE,Geelong,-38.1492813,144.3598269
Wed Jul 08 23:33:31 +0000 2020,[],RT @AJEnglish: Brazil's President Bolsonaro vetoes COVID-19 aid for Indigenous https://t.co/abTdHpVBDt,dramabuay,False,Sun Nov 22 14:48:50 +0000 2009,1162,1017,29529,1583,0,0,0,0,False,None,None,None,None,None,None,None,None,None,en,WEB APP,Belize C.A.,-25.8695343,28.1023463
Wed Jul 08 23:33:31 +0000 2020,[],"RT @Acosta: Tulsa sees Covid-19 surge in the wake of Trump's June rally
https://t.co/IF3XsyeEzX",mouseketeer1283,False,Mon Apr 20 18:06:12 +0000 2009,65,1500,2720,8214,0,0,0,0,False,None,None,None,None,None,None,None,None,None,en,IPHONE,"Pittsburgh, PA",40.4416941,-79.9900861
Wed Jul 08 23:33:31 +0000 2020,[],"RT @ThePocketLab: ScIC3 ""Science is Cool"" Presenter Promo from @KillerSnails1 

Try BioDive for free TODAY! Killer Snails is currently offe‚Ä¶",PeterTheHuynh,False,Mon Mar 01 01:08:30 +0000 2010,161,489,464,1946,0,0,0,0,False,None,None,None,None,None,None,None,None,None,en,WEB APP,"Salt Lake City, UT",40.7596198,-111.8867975
Wed Jul 08 23:33:31 +0000 2020,[],RT @mobycat6969: Agreed!! We are being played by the deep state to continue to keep us closed !!! This continued lockdown has led to depres‚Ä¶,SilkSunflowers,False,Tue Jun 19 21:35:36 +0000 2012,28822,30851,116185,84480,0,0,0,0,True,Wed Jul 08 22:04:00 +0000 2020,"Strange. I have not read a COVID study showing playing basketball, football, and getting a haircut is riskier than‚Ä¶ https://t.co/5qd82sALZv",aginnt,False,San Francisco,8,28,58,177,en,IPHONE,"Texas, USA",31.8160381,-99.5120986
Wed Jul 08 23:33:31 +0000 2020,[],"RT @CSIS: In a new episode of the Reopening, @helenegayle, CEO of @ChiTrust, discusses the Covid-19 pandemic, her organization‚Äôs response,‚Ä¶",SarofimAssoc,False,Mon Mar 05 21:48:27 +0000 2012,129,44,5781,5036,0,0,0,0,False,None,None,None,None,None,None,None,None,None,en,IPHONE,Global Insights ,None,None
Wed Jul 08 23:33:31 +0000 2020,['RubyPrincess'],RT @KKeneally: ICYMI- Almost 200 COVID-19 cases have been added to the national tally after #RubyPrincess crew member cases were classified‚Ä¶,FryGerard,False,Sun Apr 20 09:03:45 +0000 2014,2895,3705,311195,178884,0,0,0,0,False,None,None,None,None,None,None,None,None,None,en,IPHONE,Queensland. ,-22.1646782,144.5844903
Wed Jul 08 23:33:31 +0000 2020,[],@DavidDark @WendyMeer11 The GOP is probably hoping she dies of COVID.,PomonaDez,False,Tue May 22 02:12:55 +0000 2018,3174,4990,39837,153846,0,0,0,0,False,None,None,None,None,None,None,None,None,None,en,IPAD,North America,51.0000002,-109.0000002
Wed Jul 08 23:33:31 +0000 2020,[],"RT @KyleKulinski: Japan has less than 1,000 covid deaths. They never went in to full economic shut down. They have an unemployment rate of‚Ä¶",sometimes_im,False,Wed Oct 28 00:52:11 +0000 2015,103,212,24072,55735,0,0,0,0,False,None,None,None,None,None,None,None,None,None,en,ANDROID,bing bong,-15.6229383,136.3538009
Wed Jul 08 23:33:31 +0000 2020,[],"RT @drdavidsamadi: .@realDonaldTrump,

I am asking you on behalf of the American people to please STOP the lockdown due to COVID-19.

Gover‚Ä¶",LaneJones1973,False,Tue Jan 17 04:55:59 +0000 2017,13,75,510,634,0,0,0,0,False,None,None,None,None,None,None,None,None,None,en,ANDROID,,None,None
Wed Jul 08 23:33:31 +0000 2020,[],"RT @2sly4i: So Nascar great Jimmy Johnson tested positive for Covid last Friday and could not race Sunday...fast forward 3 days later, he h‚Ä¶",jimbrown1964,False,Mon Oct 17 05:59:02 +0000 2011,5324,5857,181301,86006,0,0,0,0,False,None,None,None,None,None,None,None,None,None,en,ANDROID,"Texas, USA",31.8160381,-99.5120986
Wed Jul 08 23:33:31 +0000 2020,[],"RT @irene_r_r: Mi madre despues de a√±os en paro comenz√≥ con un negocio justo antes del covid y estos meses han sido horrorosos para ella, c‚Ä¶",Cescrepvlc,False,Wed May 09 14:35:06 +0000 2018,42,696,2901,6490,0,0,0,0,False,None,None,None,None,None,None,None,None,None,es,ANDROID,Ploma,18.7622374,-72.850403
Wed Jul 08 23:33:31 +0000 2020,[],"RT @DahliaBat: Se estima que el aislamiento provocar√° 7 millones de embarazos no deseados, ir a una cl√≠nica en tiempos de covid no es una o‚Ä¶",ferarellanosn,False,Mon Jan 01 04:50:52 +0000 2018,603,384,10415,25531,0,0,0,0,False,None,None,None,None,None,None,None,None,None,es,ANDROID,"Orizaba, Veracruz de Ignacio d",18.849722,-97.103611
Wed Jul 08 23:33:31 +0000 2020,['DeportivoCali'],"#DeportivoCali
1er club del pa√≠s en cumplir solicitudes para reactivar el f√∫tbol. 
Listado de personal, certificado‚Ä¶ https://t.co/RZ3A525kJZ",estoesfutboltv,False,Mon Feb 09 13:27:33 +0000 2015,991,774,15093,9388,0,0,0,0,False,None,None,None,None,None,None,None,None,None,es,ANDROID,,None,None
Wed Jul 08 23:33:32 +0000 2020,[],"RT @BDliveSA: Just as Covid surges, Tshwane ambulances are grounded https://t.co/VHeeK3QPgL üîí",TanzieOtsile,False,Tue Dec 01 13:48:06 +0000 2009,3285,2295,155015,207228,0,0,0,0,False,None,None,None,None,None,None,None,None,None,en,IPHONE,Namibia,-23.2335499,17.3231107
Wed Jul 08 23:33:32 +0000 2020,[],RT @_lilhollywood: Lord please protect me and my loved ones from COVID-19!!!,riveraaa98,False,Sat Mar 02 22:07:35 +0000 2013,363,95,51215,72189,0,0,0,0,False,None,None,None,None,None,None,None,None,None,en,IPHONE,,None,None
Wed Jul 08 23:33:32 +0000 2020,[],RT @DesireeAngelll: Testing positive for COVID-19 is ok but what‚Äôs NOT ok is going around acting like you don‚Äôt have it and endangering eve‚Ä¶,_cababa,False,Thu Jul 12 08:01:10 +0000 2018,103,100,740,12963,0,0,0,0,False,None,None,None,None,None,None,None,None,None,en,IPHONE,,None,None
Wed Jul 08 23:33:32 +0000 2020,[],RT @ScottAdamsSays: Three of my friends have already moved to red states. Most people are at least considering it.,IamMonicaRae,False,Wed Apr 06 05:45:41 +0000 2011,9104,8557,39283,42050,0,0,0,0,True,Wed Jul 08 17:55:08 +0000 2020,A number of conservatives I talk to are considering relocating to rural areas and red states. I suspect this trend‚Ä¶ https://t.co/gxb4M2fGHn,jeffgiesea,True,"District of Columbia, USA",38,163,243,1307,en,ANDROID,The Evergreen State,48.2275205,-114.26611580246913
Wed Jul 08 23:33:32 +0000 2020,[],"RT @PeteThamel: News from Ohio State: OSU has ""paused all voluntary workouts on campus following the results of its most recent COVID-19 te‚Ä¶",tonyw419,False,Sat Dec 19 20:13:13 +0000 2009,717,2294,17454,115985,0,0,0,0,False,None,None,None,None,None,None,None,None,None,en,IPHONE,Ohio,40.2253569,-82.6881395
Wed Jul 08 23:33:32 +0000 2020,['OraliaAcosta'],"RT @MrClyfar: No #OraliaAcosta, you are the stupid one. As Simon Pegg once said in an episode of Spaced - ""What a prick"". https://t.co/qJd1‚Ä¶",blennaue,False,Mon Dec 15 02:56:37 +0000 2014,59,668,11864,9000,0,0,0,0,False,None,None,None,None,None,None,None,None,None,en,ANDROID,"Florida, USA",27.7567667,-81.4639835
Wed Jul 08 23:33:32 +0000 2020,[],The World‚Äôs Busiest Airport (When Hardly Anyone‚Äôs Flying) https://t.co/Hc8mEC8JNa,DrSidaLiu,False,Sat Jul 05 02:18:35 +0000 2014,2369,1749,12325,13597,0,0,0,0,False,None,None,None,None,None,None,None,None,None,en,OTHER,"Toronto, Ontario",43.6534817,-79.3839347
Wed Jul 08 23:33:32 +0000 2020,[],RT @khadastrophic: Returning to ‚Äúnormal‚Äù working conditions under COVID-19 ISN‚ÄôT normal. Risking your life to teach pre-schoolers isn‚Äôt nor‚Ä¶,weronlystardust,False,Mon Feb 02 02:28:11 +0000 2009,784,623,232389,732192,0,0,0,0,False,None,None,None,None,None,None,None,None,None,en,WEB APP,"FL, USA",27.7567667,-81.4639835
Wed Jul 08 23:33:32 +0000 2020,[],"RT @rickychavez68: If ONE child dies from covid, ONE, there should be an insane lawsuit against the state of Florida.",champagnegummy,False,Thu Apr 13 03:26:25 +0000 2017,91,99,11214,125366,0,0,0,0,True,Mon Jul 06 22:13:44 +0000 2020,#BREAKING: All of Florida's public K-12 schools are now required to reopen their campuses in August. https://t.co/h18sV8KNrP,abc27,True,"Tallahassee, FL",7705,3056,3933,4076,en,IPHONE,"Dallas, TX",32.7762719,-96.7968559
Wed Jul 08 23:33:32 +0000 2020,[],@CityNews @BrandonRoweTV https://t.co/ZzSjexukTu,FibHunter,False,Sun Jan 19 03:23:23 +0000 2020,245,58,56182,9872,0,0,0,0,True,Wed Jul 08 23:30:00 +0000 2020,There have been 57 new COVID-19 cases in Toronto in the past two days. https://t.co/GkrEso0Egq,CBCToronto,True,Toronto,2,0,2,4,und,WEB APP,,None,None
Wed Jul 08 23:33:32 +0000 2020,[],RT @wvgazettemail: Three National Guard service members tested positive for COVID-19 in late June after packing 850 boxes for one of West V‚Ä¶,BreakingNewzman,False,Wed Feb 08 06:33:54 +0000 2012,3791,2035,586663,59928,0,0,0,0,False,None,None,None,None,None,None,None,None,None,en,ANDROID,,None,None
Wed Jul 08 23:33:32 +0000 2020,[],"RT @rickychavez68: If ONE child dies from covid, ONE, there should be an insane lawsuit against the state of Florida.",jennancurcio,False,Sat Sep 03 04:01:56 +0000 2011,591,1738,74854,126618,0,0,0,0,True,Mon Jul 06 22:13:44 +0000 2020,#BREAKING: All of Florida's public K-12 schools are now required to reopen their campuses in August. https://t.co/h18sV8KNrP,abc27,True,"Tallahassee, FL",7705,3056,3933,4076,en,IPHONE,"Catanzaro, Calabria",38.82996034999999,16.43155687627833
Wed Jul 08 23:33:32 +0000 2020,[],"RT @digolei: Kanye west me faz ficar num eterno dilema entre 

Eh um g√™nio

Eh um boc√≥",marimaconha,False,Thu Mar 16 19:11:46 +0000 2017,1887,1341,19398,4408,0,0,0,0,True,Wed Jul 08 15:31:27 +0000 2020,"Kanye West revela que j√° teve COVID 19 e critica poss√≠vel vacina: ""Essa √© a marca da besta, querem fazer todo tipo‚Ä¶ https://t.co/TKsiqeiE9H",RapMais,True,Brasil,1562,231,156,2290,pt,IPHONE,"Porto Velho, centro ",-10.75776,-51.024055
Wed Jul 08 23:33:32 +0000 2020,[],"RT @moxxie__: For people that think covid is not in Nigeria- 
 https://t.co/pSgBATK5ik",ceoholard,False,Mon Dec 19 15:58:49 +0000 2011,15,210,95,25,0,0,0,0,False,None,None,None,None,None,None,None,None,None,en,WEB APP,,None,None
Wed Jul 08 23:33:32 +0000 2020,[],"RT @RBReich: Your reminder that schools in Germany, Norway, and Denmark can open safely because their leaders contained Covid-19. We can't‚Ä¶",karmatimebitch,False,Thu Mar 31 01:07:07 +0000 2016,856,1221,57460,61620,0,0,0,0,False,None,None,None,None,None,None,None,None,None,en,ANDROID,,None,None
Wed Jul 08 23:33:32 +0000 2020,[],"RT @CLSkaggs: Single mom here. This ‚§µÔ∏è tweet is BS.

You know what creates a disproportionate burden? Getting sick with COVID or having a k‚Ä¶",CLSkaggs,False,Sun Sep 23 05:08:09 +0000 2012,4539,3295,8391,7811,0,0,0,0,True,Tue Jul 07 22:25:22 +0000 2020,"Single mothers will disproportionately bear the burden of school closures in the form of lower pay, less job securi‚Ä¶ https://t.co/wX6RL7TfnR",IvankaTrump,True,"Washington, DC",1841,16648,9943,52336,en,WEB APP,United States,39.7837304,-100.4458825
Wed Jul 08 23:33:32 +0000 2020,[],@EricTopol @mluckovichajc https://t.co/PRQX03XVIN,DarkHorse1618,False,Fri Oct 30 06:42:23 +0000 2015,208,4591,8116,10302,0,0,0,0,False,None,None,None,None,None,None,None,None,None,und,ANDROID,"Guayaquil, Ecuador",-2.1899066,-79.887726
Wed Jul 08 23:33:32 +0000 2020,[],"Temporary dysfunction, strokes, nerve damage: Scientists warn of potential wave of Covid-linked brain damage https://t.co/7q8zgpUZnx",Thass283,False,Thu Nov 29 13:40:04 +0000 2012,1321,451,192361,150325,0,0,0,0,False,None,None,None,None,None,None,None,None,None,en,ANDROID,Sri Lankan,7.5554942,80.7137847
Wed Jul 08 23:33:32 +0000 2020,[],"RT @Damian_Cullen: Population: 
Island of Ireland: 6.8 million 
Arizona 7.3 million 

Covid-19 cases in last 7 days: 
Island of Ireland: 10‚Ä¶",lemonswithak,False,Wed Mar 21 00:36:15 +0000 2018,88,202,6721,7960,0,0,0,0,False,None,None,None,None,None,None,None,None,None,en,IPHONE,United States,39.7837304,-100.4458825
Wed Jul 08 23:33:32 +0000 2020,[],RT @BrunoEnglerDM: Eu e o @cabojunioamaral enviamos of√≠cios ao Governo do Estado e √†s 853 prefeituras solicitando a aplica√ß√£o de um protoco‚Ä¶,SilvaMarius,False,Fri Jan 31 13:08:06 +0000 2014,12,94,952,11505,0,0,0,0,False,None,None,None,None,None,None,None,None,None,pt,IPHONE,"S√£o Paulo, Brasil",-23.5506507,-46.6333824
Wed Jul 08 23:33:32 +0000 2020,[],"RT @KennedyAlencar: Bolsonaro usa a pr√≥pria doen√ßa para normalizar pandemia. Em s√©rie de tu√≠tes, presidente mente, distorce e prescreve med‚Ä¶",jcgarciabarros,False,Sat Dec 17 20:10:21 +0000 2011,393,3255,8940,36527,0,0,0,0,False,None,None,None,None,None,None,None,None,None,pt,IPHONE,Arcoverde/PE,-8.415192,-37.057748
Wed Jul 08 23:33:32 +0000 2020,[],"RT @NaphiSoc: https://t.co/LtPUFjhvFA

LA Assemblywoman and 4 others associated with the California state legislature test positive for cor‚Ä¶",lenniebrisco,False,Tue Feb 15 00:48:57 +0000 2011,1552,2322,51355,9188,0,0,0,0,False,None,None,None,None,None,None,None,None,None,en,IPHONE,,None,None
Wed Jul 08 23:33:32 +0000 2020,[],"Pronta recuperaci√≥n
Chanel Rosa Chupany anuncia que tiene COVID-19",SandraGuzmanLaf,False,Fri Jan 21 22:31:49 +0000 2011,2876,1307,45329,780,0,0,0,0,True,Wed Jul 08 23:17:00 +0000 2020,"Agradecer de coraz√≥n todos sus comentarios , en un hecho que nada tiene que ver con mi decisi√≥n anterior , esta tar‚Ä¶ https://t.co/ew9ARxKTE1",chanelsocial,False,Santo domingo,37,121,27,126,es,WEB APP,Santo Domingo,18.4801972,-69.942111
Wed Jul 08 23:33:32 +0000 2020,['COVID„Éº19'],RT @Complex: Japanese amusement parks now have a no screaming policy on all roller coasters to stop the spread of #COVID„Éº19 https://t.co/Mn‚Ä¶,Phemie__,False,Tue Jun 24 18:01:49 +0000 2014,244,687,137347,97424,0,0,0,0,False,None,None,None,None,None,None,None,None,None,en,IPHONE,T,50.7333163,11.0747905
Wed Jul 08 23:33:32 +0000 2020,[],RT @cesprai: Porque los brasile√±os pueden tener un presidente con covid y nosotros no !! Que envidia wn,cvillagra69,False,Mon Aug 24 17:19:34 +0000 2009,644,1970,4950,223,0,0,0,0,False,None,None,None,None,None,None,None,None,None,es,ANDROID,chile,-31.7613365,-71.3187697
Wed Jul 08 23:33:32 +0000 2020,[],"RT @ricapriotti: O Fluminense entrar em campo, observar 1 minuto de sil√™ncio em homenagem √†s milhares de v√≠timas da Covid-19, dar o pontap√©‚Ä¶",bopp_gfbpa,False,Fri Sep 25 22:27:12 +0000 2015,647,572,8233,68715,0,0,0,0,False,None,None,None,None,None,None,None,None,None,pt,WEB APP,.,None,None
Wed Jul 08 23:33:32 +0000 2020,[],"CFB isn't happening this year,  is it??üò≠",Emerantura,False,Sun Jun 24 16:10:38 +0000 2012,1313,1216,27892,62166,0,0,0,0,True,Wed Jul 08 22:00:26 +0000 2020,The University of North Carolina has suspended the football program's voluntary workout program after 37 players an‚Ä¶ https://t.co/DIZdkpoESm,cnnbrk,True,Everywhere,269,119,579,897,en,ANDROID,Utah,39.4225192,-111.7143584
Wed Jul 08 23:33:32 +0000 2020,[],"RT @KyleKulinski: Japan has less than 1,000 covid deaths. They never went in to full economic shut down. They have an unemployment rate of‚Ä¶",Shaabooyah,False,Thu Dec 08 22:56:19 +0000 2011,1405,860,54660,19762,0,0,0,0,False,None,None,None,None,None,None,None,None,None,en,IPHONE,looking for Black Justice,None,None
Wed Jul 08 23:33:32 +0000 2020,[],RT @MissPavIichenko: reminder that the US put this genocidaire in power. https://t.co/Z0qC9KY59t,itsPudik,False,Wed Nov 11 14:53:48 +0000 2015,42,186,1929,19048,0,0,0,0,True,Wed Jul 08 20:50:02 +0000 2020,Brazil's Bolsonaro vetoes plans to offer COVID-19 support to indigenous people https://t.co/45Trwr9VV1 https://t.co/7ZzCGmgAsC,Reuters,True,Around the world,99,79,115,92,en,WEB APP,,None,None
Wed Jul 08 23:33:32 +0000 2020,[],@ObiRush @Citi973 What do you get if your ward pass exams but loses his life? Even the one in Kumasi died bcos of C‚Ä¶ https://t.co/0q5SUCKRBa,ghTrump,False,Wed Jan 11 18:37:26 +0000 2017,37,98,507,2450,0,0,0,0,False,None,None,None,None,None,None,None,None,None,en,IPHONE,"Accra, Ghana",5.5600141,-0.2057437
Wed Jul 08 23:33:32 +0000 2020,[],"RT @KyleKulinski: Japan has less than 1,000 covid deaths. They never went in to full economic shut down. They have an unemployment rate of‚Ä¶",ryanlaurenti,False,Sun Oct 11 01:27:55 +0000 2015,200,898,10400,22369,0,0,0,0,False,None,None,None,None,None,None,None,None,None,en,ANDROID,"Oregon, USA",43.9792797,-120.737257
Wed Jul 08 23:33:32 +0000 2020,[],"RT @BreeNewsome: They‚Äôre saying we can‚Äôt have...

-universal healthcare
-adequate testing for COVID
-proper funding for schools even under‚Ä¶",TraackNation,False,Fri Jun 15 02:19:28 +0000 2012,4183,2317,192639,45003,0,0,0,0,False,None,None,None,None,None,None,None,None,None,en,IPHONE,At a track near you,None,None
Wed Jul 08 23:33:32 +0000 2020,[],"@Irma_Sandoval @lopezobrador_ La cabeza en alto... que al chasquido de dedos.. se fue para all√°, us√≥ tapa bocas, se‚Ä¶ https://t.co/QirQ2SSWJC",salvador_agui,False,Mon Nov 01 15:12:16 +0000 2010,2774,606,11209,5455,0,0,0,0,False,None,None,None,None,None,None,None,None,None,es,IPHONE,Mexico,19.4326296,-99.1331785
Wed Jul 08 23:33:32 +0000 2020,[],"RT @rickychavez68: If ONE child dies from covid, ONE, there should be an insane lawsuit against the state of Florida.",stephgiuzio,False,Tue Sep 03 04:53:11 +0000 2013,106,182,10389,47283,0,0,0,0,True,Mon Jul 06 22:13:44 +0000 2020,#BREAKING: All of Florida's public K-12 schools are now required to reopen their campuses in August. https://t.co/h18sV8KNrP,abc27,True,"Tallahassee, FL",7705,3056,3933,4076,en,IPHONE,cafe,-20.858698099999998,-41.57617474753508
Wed Jul 08 23:33:32 +0000 2020,[],Tri-force ACC retires after leading COVID-19 response https://t.co/1uySibTpxZ,Police_Oracle,False,Mon Oct 05 14:43:46 +0000 2009,17260,277,29743,492,0,0,0,0,False,None,None,None,None,None,None,None,None,None,en,OTHER,"London, UK",51.5073219,-0.1276474
Wed Jul 08 23:33:32 +0000 2020,[],RT @QuecianaWalton: Standing 6 feet away from me,_reeseboul,False,Wed Jan 15 01:00:31 +0000 2014,164,274,9590,4240,0,0,0,0,True,Mon Jul 06 13:14:09 +0000 2020,What's the one thing you DON'T want to change post-COVID?,fredonair,True,"Chicago, IL",2040,197,42,153,en,IPHONE,"Delaware, USA",38.6920451,-75.4013315
Wed Jul 08 23:33:32 +0000 2020,[],"RT @Acosta: Tulsa sees Covid-19 surge in the wake of Trump's June rally
https://t.co/IF3XsyeEzX",WVUFan54,False,Sat Jan 05 20:25:37 +0000 2019,190,707,42578,54491,0,0,0,0,False,None,None,None,None,None,None,None,None,None,en,ANDROID,West Virginia,38.4758406,-80.8408415
Wed Jul 08 23:33:32 +0000 2020,[],"RT @thinksport: The bloodletting begins...Is covid-19 to blame or is it a convenient excuse? Either way, Olympic sports will be hurt and di‚Ä¶",FlyNmom1,False,Sun Jun 28 14:40:08 +0000 2009,880,1481,11423,40612,0,0,0,0,False,None,None,None,None,None,None,None,None,None,en,IPHONE,"Dallas Burbs, Colorado native",None,None
Wed Jul 08 23:33:32 +0000 2020,[],"RT @DWUhlfelderLaw: According to CDC COVID data tracker, Florida leads nation in new cases for last 7 days at 66,789",fgizat1,False,Sun Mar 26 03:18:27 +0000 2017,19,277,37397,18259,0,0,0,0,False,None,None,None,None,None,None,None,None,None,en,IPHONE,,None,None
Wed Jul 08 23:33:32 +0000 2020,[],RT @AllanGarcs1: Pediram para eu fazer um v√≠deo falando sobre o CoVID-19 na abordagem terap√™utica precoce. Ent√£o dividi em tr√™s v√≠deos abor‚Ä¶,Joseniakk,False,Sun Aug 22 20:58:12 +0000 2010,27757,28785,29913,107899,0,0,0,0,False,None,None,None,None,None,None,None,None,None,pt,IPHONE,"Mato Grosso, Brasil",-12.2115009,-55.5716547
Wed Jul 08 23:33:32 +0000 2020,[],"RT @spinellirio: üòà: Vai nas redes sociais e diz que voc√™ quer que o Presidente morra por causa do COVID, voc√™ vai mitar, n√£o vai dar em nad‚Ä¶",Alexand68680135,False,Tue Mar 27 02:30:28 +0000 2018,3065,3043,28952,31141,0,0,0,0,False,None,None,None,None,None,None,None,None,None,pt,ANDROID,Brazil,-10.3333333,-53.2
Wed Jul 08 23:33:32 +0000 2020,[],"RT @Ruth_HHopkins: Horseshoe crab blood is needed to make a COVID-19 vaccine, but they‚Äôre in decline due to overharvesting. Pharmaceutical‚Ä¶",lauramdevos,False,Tue Feb 06 02:10:30 +0000 2018,1168,807,19353,138054,0,0,0,0,False,None,None,None,None,None,None,None,None,None,en,IPHONE,Coast Salish Territories,None,None
Wed Jul 08 23:33:32 +0000 2020,[],RT @fixsedbw: https://t.co/Ac6IiFeE0S https://t.co/Aq3IEIZhrh,feelng_off,False,Mon Jan 01 18:11:02 +0000 2018,434,785,9550,8241,0,0,0,0,True,Tue Jul 07 21:51:04 +0000 2020,Bolsonaro divulga v√≠deo tomando rem√©dio sem efic√°cia cientificamente comprovada contra Covid-19‚Ä¶ https://t.co/CSvmbuMYae,JornalOGlobo,True,,2275,1394,3648,25286,und,WEB APP,"sapiroca, rs",None,None
Wed Jul 08 23:33:32 +0000 2020,[],"RT @ChuckWendig: Take this seriously -- we've a family friend who ended up with encephalitis from COVID. Changed personality, danger to sel‚Ä¶",jenniferstarchv,False,Fri Nov 15 17:14:17 +0000 2013,103,479,5698,37639,0,0,0,0,False,None,None,None,None,None,None,None,None,None,en,IPHONE,Chicago-ish,None,None
Wed Jul 08 23:33:32 +0000 2020,[],@markpmeredith Can you report on what the Trump admin has done on the healthcare front regarding diabetes? It would‚Ä¶ https://t.co/msY0iGx3f8,DLasater_99362,False,Sat Feb 07 16:52:45 +0000 2009,9289,9911,139492,69154,0,0,0,0,False,None,None,None,None,None,None,None,None,None,en,WEB APP,Eastern WA state,39.9593026,-75.200498
Wed Jul 08 23:33:33 +0000 2020,[],RT @jus_lovely: And yet....,travelintofudie,False,Fri Jul 09 13:06:16 +0000 2010,329,526,11690,3263,0,0,0,0,True,Wed Jul 08 19:30:18 +0000 2020,This interactive county-by-county map of the U.S. made by Georgia Tech scientists and researchers shows the risk of‚Ä¶ https://t.co/Czi8EsMaWj,GeorgiaTech,True,"Atlanta, GA",15,7,45,131,en,IPHONE,Bay Area,37.7884969,-122.3558473
Wed Jul 08 23:33:33 +0000 2020,[],No,1eyejonny,False,Sat Jan 02 07:00:41 +0000 2010,376,1275,66938,1153,0,0,0,0,True,Wed Jul 08 20:55:28 +0000 2020,Kendrick Perkins goes off on Joel Embiid for his fear of catching COVID-19 in the NBA bubble. Does Perkins have a p‚Ä¶ https://t.co/8FJQIRLTNb,TheUndefeated,True,"Washington, DC",666,276,83,411,und,OTHER,,None,None
Wed Jul 08 23:33:33 +0000 2020,[],"RT @ddiamond: TONY FAUCI effectively agrees with those charts comparing U.S. and E.U. response on covid.

FAUCI: If you look at the graphs‚Ä¶",pqpolitics,False,Thu Feb 03 06:49:07 +0000 2011,6266,6464,492859,1126,0,0,0,0,False,None,None,None,None,None,None,None,None,None,en,ANDROID,"Vancouver, BC",49.2608724,-123.1139529
Wed Jul 08 23:33:33 +0000 2020,[],RT @DesireeAngelll: Testing positive for COVID-19 is ok but what‚Äôs NOT ok is going around acting like you don‚Äôt have it and endangering eve‚Ä¶,yvng_wavy,False,Sat Oct 27 01:33:47 +0000 2012,749,1554,105670,84006,0,0,0,0,False,None,None,None,None,None,None,None,None,None,en,IPHONE,,None,None
Wed Jul 08 23:33:33 +0000 2020,[],"RT @dvillella: Amazing, isn't it?",march7_mar,False,Thu Oct 06 15:31:59 +0000 2016,803,696,105576,168990,0,0,0,0,True,Wed Jul 08 13:10:20 +0000 2020,am I understanding this correctly? covid-19 is so deadly that Paul Manafort and Michael Cohen had to be released fr‚Ä¶ https://t.co/fsv6ypCSQS,itsJeffTiedrich,False,,2322,1858,59667,188698,en,IPHONE,,None,None
Wed Jul 08 23:33:33 +0000 2020,[],RT @PaoladrateleSUR: Contin√∫a en Chile la diferencia de cifras entre los distintos informes sobre fallecidos por Covid 19 @EdicionCteleSUR‚Ä¶,solherrera100,False,Wed Jul 03 02:38:26 +0000 2013,105,251,26763,11774,0,0,0,0,False,None,None,None,None,None,None,None,None,None,es,WEB APP,,None,None
Wed Jul 08 23:33:33 +0000 2020,[],"RT @DPPAS_Mx: 2 pruebas de COVID
Una Antes de viajar, y otra antes de llegar a la Casa Blanca.
As√≠ de f√°cil doblegaron al viejito que despa‚Ä¶",apariciomali,False,Mon Mar 07 23:12:47 +0000 2016,60,335,5991,7686,0,0,0,0,False,None,None,None,None,None,None,None,None,None,es,IPHONE,,None,None
Wed Jul 08 23:33:33 +0000 2020,[],RT @ChildrensHD: Will GSK's COVID vaccine contain the dangerous GSK AS03 adjuvant? AS03 contains synthetic squalene &amp; polysorbate 80. Squal‚Ä¶,LotusOak2,False,Wed Nov 30 01:40:51 +0000 2011,40372,33948,84844,18848,0,0,0,0,False,None,None,None,None,None,None,None,None,None,en,OTHER,"NoVA, USA",39.7317608,-77.8194403
Wed Jul 08 23:33:33 +0000 2020,[],"RT @Italianmike: So @HillaryClinton said she could have saved more lives lost to Covid-19 than @realDonaldTrump did. 

Hell, she couldn't e‚Ä¶",electricunives,False,Sat May 25 09:17:07 +0000 2013,684,2022,31598,33032,0,0,0,0,False,None,None,None,None,None,None,None,None,None,en,ANDROID,RSA,-28.8166236,24.991639
Wed Jul 08 23:33:33 +0000 2020,[],RT @DesireeAngelll: Testing positive for COVID-19 is ok but what‚Äôs NOT ok is going around acting like you don‚Äôt have it and endangering eve‚Ä¶,Bellaciraptor_,False,Mon Apr 08 02:02:34 +0000 2013,447,1029,15453,76116,0,0,0,0,False,None,None,None,None,None,None,None,None,None,en,IPHONE,satx,None,None
Wed Jul 08 23:33:33 +0000 2020,[],"RT @nayIaswift: mas quem iria imaginar que um cara religioso, que chama mulher de vadia, faz coment√°rios/clipes machistas e homofobicos, ap‚Ä¶",muauJ,False,Thu Jul 07 01:32:40 +0000 2016,3200,3408,26287,24676,0,0,0,0,True,Wed Jul 08 15:17:04 +0000 2020,"GENTE? Para a Forbes, Kanye West afirmou que sua pol√≠tica ser√° anti-aborto e que pretende trazer o ""temor a Deus"" d‚Ä¶ https://t.co/ibsqGaqLRt",portalspopify,False,Brasil,5588,1091,529,5397,pt,ANDROID,ele / he,52.4549406,5.518512566909355
Wed Jul 08 23:33:33 +0000 2020,[],RT @MrDoctorOficial: ¬øCu√°ntas veces han tenido ‚ÄúCOVID psicol√≥gico‚Äù? Yo llevo como 5. üò≠,DMcasasus,False,Tue Mar 24 14:36:34 +0000 2020,28,458,217,55,0,0,0,0,False,None,None,None,None,None,None,None,None,None,es,ANDROID,,None,None
Wed Jul 08 23:33:33 +0000 2020,[],RT @QuecianaWalton: Standing 6 feet away from me,akafolley,False,Mon Sep 20 13:14:32 +0000 2010,504,376,19930,2973,0,0,0,0,True,Mon Jul 06 13:14:09 +0000 2020,What's the one thing you DON'T want to change post-COVID?,fredonair,True,"Chicago, IL",2040,197,42,153,en,IPHONE,919,62.06088,10.58661
Wed Jul 08 23:33:33 +0000 2020,[],"RT @Mozzein_: N√£o indo, boa tarde.",fake_mimize,False,Tue Jul 21 14:53:45 +0000 2009,350,395,25530,19073,0,0,0,0,True,Wed Jul 08 15:00:01 +0000 2020,"Veja como se portar em bares, restaurantes e sal√µes de beleza para reduzir o risco da covid https://t.co/M7C2vB8OJV https://t.co/OuhuVfFrRs",Estadao,True,S√£o Paulo,304,156,31,271,pt,IPHONE,Bahia - Brasil,-12.285251,-41.9294776
Wed Jul 08 23:33:33 +0000 2020,[],@realDonaldTrump @IsraeliPM @PMOIndia @DuterteHolic @jokowi @ThePres86706945 @PressSec @BeholdIsrael @drbuttar‚Ä¶ https://t.co/2qD8Eff5Ux,myheartsadancer,False,Wed Sep 16 00:26:13 +0000 2009,27,65,658,366,0,0,0,0,True,Wed Jul 08 20:46:03 +0000 2020,"What could possibly go wrong? RT UN enlists 10,000 digital volunteers to fight COVID-19 misinformation https://t.co/qoiwLWSBhw",HighWireTalk,False,,15,33,117,141,en,WEB APP,Toronto,43.6534817,-79.3839347
Wed Jul 08 23:33:33 +0000 2020,[],"RT @propublica: New: In Houston, one of the nation‚Äôs fastest-growing coronavirus hot spots, more residents are dying before they can make i‚Ä¶",MichelleMeach16,False,Thu Dec 15 13:49:10 +0000 2016,4082,4948,80353,206372,0,0,0,0,False,None,None,None,None,None,None,None,None,None,en,IPHONE,Somewhere on the planet,None,None
Wed Jul 08 23:33:33 +0000 2020,[],RT @theonlymonroee: All in my room üò£ due to step out üò© https://t.co/3aziKJ2cCL,onyiukn,False,Tue Aug 07 20:19:25 +0000 2018,403,296,3126,49403,0,0,0,0,True,Mon Jul 06 01:20:07 +0000 2020,Show me the best pics you‚Äôve taken since COVID hit the fan,micahthatman,False,,7131,1285,182,2001,en,IPHONE,lockdown,-13.9890922,33.8171553
Wed Jul 08 23:33:33 +0000 2020,[],Covid 1910PCS KN95 Folding Valved Dust Mask PM2.5 Anti dust Formaldehyde Bad Smell¬†Bacteria https://t.co/6Vzf44lAom,alaa_express,False,Fri Dec 21 09:20:17 +0000 2018,427,1937,35362,8371,0,0,0,0,False,None,None,None,None,None,None,None,None,None,en,OTHER,united,37.9906638,-81.4264987
Wed Jul 08 23:33:33 +0000 2020,[],Coronavirus: What blood type is less likely to get COVID-19? New studies explain - Deseret News‚Ä¶ https://t.co/zXPOMBj5Bj,4fitnesshealthy,False,Tue Oct 29 20:37:31 +0000 2013,4807,1409,457,1,0,0,0,0,False,None,None,None,None,None,None,None,None,None,en,OTHER,New York,40.7127281,-74.0060152
Wed Jul 08 23:33:33 +0000 2020,[],wtf is my reaction for most things these days bc WTF??? evil,nevervragain,False,Sat Sep 08 18:13:01 +0000 2018,17,60,2968,2735,0,0,0,0,True,Wed Jul 08 21:34:54 +0000 2020,Brazilian President Jair Bolsonaro vetoes several points of a law aimed at protecting indigenous communities agains‚Ä¶ https://t.co/pmM726eYA8,cnnbrk,True,Everywhere,52,62,152,257,en,IPHONE,,None,None
Wed Jul 08 23:33:33 +0000 2020,[],"RT @plunderbund: Good time to remember, Dave Yost doesn't think Statehouse staffers should have to wear masks.
 
https://t.co/WmRsp8An7s",jmhoinOH,False,Sat Oct 29 11:27:35 +0000 2011,71,392,3127,33178,0,0,0,0,False,None,None,None,None,None,None,None,None,None,en,IPHONE,,None,None
Wed Jul 08 23:33:33 +0000 2020,[],"RT @KyleKulinski: Japan has less than 1,000 covid deaths. They never went in to full economic shut down. They have an unemployment rate of‚Ä¶",oziladef,False,Thu Oct 26 06:18:10 +0000 2017,8,284,1339,9293,0,0,0,0,False,None,None,None,None,None,None,None,None,None,en,IPHONE,,None,None
Wed Jul 08 23:33:33 +0000 2020,[],RT @DesireeAngelll: Testing positive for COVID-19 is ok but what‚Äôs NOT ok is going around acting like you don‚Äôt have it and endangering eve‚Ä¶,lyndsey_lanning,False,Wed Oct 22 01:30:08 +0000 2014,412,381,1753,34093,0,0,0,0,False,None,None,None,None,None,None,None,None,None,en,IPHONE,,None,None
Wed Jul 08 23:33:33 +0000 2020,[],"RT @atensnut: I don‚Äôt go to get tested for the flu if I have no symptoms..... 

But Covid, a virus so deadly...... 
you have to  be tested‚Ä¶",Alpine2rob,False,Sun Jan 08 23:36:05 +0000 2017,22,19,14399,13844,0,0,0,0,False,None,None,None,None,None,None,None,None,None,en,IPHONE,"Windom, MN",43.8663464,-95.1169366
Wed Jul 08 23:33:33 +0000 2020,[],"RT @VansDupla: Bolsonaro com suspeita de covid, conhe√ßendo a internet tdo mundo vai ser escroto e desejar a morte dele
Eu n gosto dele tlg,‚Ä¶",4GG570,False,Tue Jan 15 12:10:57 +0000 2019,119,99,1257,4753,0,0,0,0,False,None,None,None,None,None,None,None,None,None,pt,IPHONE,Na delegacia mais prox√≠ma,None,None
Wed Jul 08 23:33:33 +0000 2020,['EnVivo'],"RT @Mippcivzla: #EnVivo üî¥ | Pdte. @NicolasMaduro: Se confirman 317 nuevos casos de Covid-19 de los cuales 160 de transmisi√≥n comunitaria, 1‚Ä¶",caryar1368,False,Sun May 31 17:25:14 +0000 2015,1997,3403,83657,80462,0,0,0,0,False,None,None,None,None,None,None,None,None,None,es,ANDROID,,None,None
Wed Jul 08 23:33:33 +0000 2020,[],@FineassKy Yup especially since Covid it's worse,The_Finessor,False,Thu Apr 02 23:54:22 +0000 2009,2143,1928,37486,2923,0,0,0,0,False,None,None,None,None,None,None,None,None,None,en,ANDROID,Atlanta!!!,33.7490987,-84.3901849
Wed Jul 08 23:33:33 +0000 2020,[],"RT @IvanMarcos26: Tratamento de combate ao covid-19 se o governo fosse da esquerda.
ü§£ü§£ü§£ https://t.co/kEfChlv7fM",Citzen13,False,Thu Mar 05 11:37:58 +0000 2020,255,894,19301,45281,0,0,0,0,False,None,None,None,None,None,None,None,None,None,pt,ANDROID,,None,None
Wed Jul 08 23:33:33 +0000 2020,[],"RT @propublica: New: In Houston, one of the nation‚Äôs fastest-growing coronavirus hot spots, more residents are dying before they can make i‚Ä¶",trollhuntress,False,Wed Jan 18 22:25:46 +0000 2017,13938,14286,69814,136270,0,0,0,0,False,None,None,None,None,None,None,None,None,None,en,ANDROID,"Washington, USA",38.8949855,-77.0365708
Wed Jul 08 23:33:33 +0000 2020,['Health'],"RT @news_ghana: #Health #000 #22 Ghana‚Äôs COVID-19 caseload nears 22,000 https://t.co/4coyT04wCF https://t.co/PXS1ALbKmL",rogeragambire,False,Wed Jun 17 14:10:41 +0000 2015,1094,191,39313,172,0,0,0,0,False,None,None,None,None,None,None,None,None,None,en,OTHER,"Accra, Ghana",5.5600141,-0.2057437
Wed Jul 08 23:33:33 +0000 2020,[],"RT @You3_JP: „Çπ„Ç¶„Çß„Éº„Éá„É≥„ÅÆ„Çπ„Éà„ÉÉ„ÇØ„Éõ„É´„É†„Åß„ÅØÔº©Ôº£ÔºµÊÇ£ËÄÖ„Åå„Åª„Å®„Çì„Å©„ÅÑ„Å™„Åè„Å™„Çä„Åæ„Åó„Åü„ÄÇ
ÊÑüÊüìËÄÖÊï∞„ÅØÂ¢ó„Åà„Å¶„ÅÑ„Åæ„Åô„ÄÇÊ≠ªËÄÖ„ÅØ„ÇÇ„ÅÜ„Åª„Å®„Çì„Å©Áô∫Áîü„Åó„Åæ„Åõ„Çì„ÄÇ
Âº±ÊØíÂåñ„Åó„Åü„ÅÆ„Åã„ÄÅÈõÜÂõ£ÂÖçÁñ´ÂäπÊûú„Å™„ÅÆ„Åã„ÄÅ„ÅÇ„Å®„ÅØÁßëÂ≠¶ËÄÖ„ÅåËß£Êòé„Åô„Çã„Å†„Åë„Åß„Åô„ÄÇ
„É≠„ÉÉ„ÇØ„ÉÄ„Ç¶„É≥„ÇÇ„Å™„Åó„ÄÅ„Éû„Çπ„ÇØ„ÇÇ„Å™„Åó„ÄÅÁ¨¨ÔºíÊ≥¢„ÇÇ„Å™„ÅÑ„Åß„Åó„Çá‚Ä¶",peguu_vr,False,Fri Nov 18 14:08:40 +0000 2011,1477,2310,180999,76261,0,0,0,0,False,None,None,None,None,None,None,None,None,None,ja,IPHONE,„Åï„ÇÄ„ÅÑ,9.50139445,99.99561927320003
Wed Jul 08 23:33:33 +0000 2020,[],"RT @KyleKulinski: Japan has less than 1,000 covid deaths. They never went in to full economic shut down. They have an unemployment rate of‚Ä¶",DrYardSale,False,Sun Nov 06 05:37:10 +0000 2011,1320,2020,214011,279710,0,0,0,0,False,None,None,None,None,None,None,None,None,None,en,ANDROID,California,36.7014631,-118.7559974
Wed Jul 08 23:33:33 +0000 2020,[],RT @ConElMazoDando: Con 282 nuevos casos  de Covid-19 cifra de contagiados en Venezuela llega a 7.693 https://t.co/aygf3cmWY9  #Elecciones2‚Ä¶,chefitovzla,False,Mon May 31 17:54:54 +0000 2010,1173,708,179352,129319,0,0,0,0,False,None,None,None,None,None,None,None,None,None,es,ANDROID,"ccs,Vzla",None,None
Wed Jul 08 23:33:33 +0000 2020,[],@alfredodelmazo Grandes apoyos. Porque est√° contingencia nos a dejado muy mal econ√≥micamente. Ojal√° tom√© en cuenta‚Ä¶ https://t.co/OO9bmpDQV9,ClaudiaGodnezF1,False,Tue Apr 30 22:03:12 +0000 2019,292,177,138,865,0,0,0,0,False,None,None,None,None,None,None,None,None,None,es,ANDROID,"Ecatepec Federaci√≥n, Ecatepec ",None,None
Wed Jul 08 23:33:33 +0000 2020,[],"This is the coronavirus version of ""Shut Up and Dribble"" and it's absolutely egregious.

OF COURSE Embiid's concern‚Ä¶ https://t.co/DWm7VADUCh",ChrisAgar90,False,Mon Jan 25 21:31:31 +0000 2010,527,153,13194,6379,0,0,0,0,True,Wed Jul 08 20:55:28 +0000 2020,Kendrick Perkins goes off on Joel Embiid for his fear of catching COVID-19 in the NBA bubble. Does Perkins have a p‚Ä¶ https://t.co/8FJQIRLTNb,TheUndefeated,True,"Washington, DC",667,276,83,411,en,WEB APP,,None,None
Wed Jul 08 23:33:33 +0000 2020,[],"RT @AlistairHaimes: Nobody suggested masks or lockdown in 1999/2000, a terrible flu year in UK with more deaths per capita than covid. http‚Ä¶",wiselad1863,False,Sat Mar 02 18:34:42 +0000 2019,83,53,5294,7762,0,0,0,0,True,Wed Jul 08 13:29:48 +0000 2020,"I'm old enough to remember the H1N1 flu in 2009, under Obama, which had a estimated whopping 60.8 million cases in‚Ä¶ https://t.co/Ja85rZrdG0",catturd2,False,,520,981,10279,21033,en,IPHONE,,None,None
Wed Jul 08 23:33:33 +0000 2020,[],"RT @nyankoma2018: ÂÖàÊó•„ÄÅ„Åì„Å°„Çâ„Å´„Ç´„É≥„Éë„Åó„Åæ„Åó„Åü„ÄÇ
ÂÆ∂„Åå„Å™„ÅÑ‰∫∫„Åå„ÅÑ„Çã„ÄÅ„Å®„ÅÑ„ÅÜ„Åì„Å®„Å´ÈàçÊÑü„Åß„ÅÑ„Åü„Åè„Å™„ÅÑ„Åß„Åô„ÄÇ https://t.co/FVKj0AXdDf",nakakocat,False,Wed Nov 18 03:29:53 +0000 2015,646,299,20751,162999,0,0,0,0,True,Wed Jul 08 12:00:01 +0000 2020,„ÇØ„É©„Ç¶„Éâ„Éï„Ç°„É≥„Éá„Ç£„É≥„Ç∞„ÄÅÊÆã„Çä19Êó•„Å®„Å™„Çä„Åæ„Åó„Åü„ÄÇÁèæÂú®„ÄÅÈÅîÊàêÁéá44%„ÄÅ3203‰∫∫„ÅÆÊñπ„Åå„ÅîÊîØÊè¥„Åè„Å†„Åï„Å£„Å¶„ÅÑ„Åæ„Åô„ÄÇ„ÇÇ„ÅÜ„Åô„Åß„Å´ÊîØÊè¥„ÅØ„Çπ„Çø„Éº„Éà„Åó„Å¶„ÅÑ„Åæ„Åô„ÄÇÁöÜ„Åï„Çì„ÅÆÊ∞óÊåÅ„Å°„ÇíÂøÖ„ÅöÊîØÊè¥„ÅÆÁèæÂ†¥„Å´„ÄÅÊîØÊè¥„ÅåÂøÖË¶Å„Å™Êñπ„Å´Â±ä„Åë„Åæ„Åô„ÄÇ„ÇØ„É©„Ç¶„Éâ„Éï„Ç°„É≥„Éá„Ç£„É≥„Ç∞„Éö„Éº‚Ä¶ https://t.co/jswF5J47fh,tomoshiokuda,False,,2,0,104,112,ja,WEB APP,,None,None
Wed Jul 08 23:33:33 +0000 2020,[],"Ivy League calls off Fall Sports, due to COVID-19.",fredwalton216,False,Sat Jun 14 15:10:49 +0000 2014,1741,1549,235620,24082,0,0,0,0,True,Wed Jul 08 23:31:33 +0000 2020,Ivy League suspends fall sports due to coronavirus pandemic https://t.co/S7uY38sAGy #SmartNews,Marc_ymarc,False,San Diego CA,0,1,0,1,en,IPAD,Pennsylvania,40.9699889,-77.7278831
Wed Jul 08 23:33:33 +0000 2020,[],"RT @Mozzein_: N√£o indo, boa tarde.",umalobinhaauau,False,Sat Sep 08 20:05:07 +0000 2018,1448,1621,7316,50869,0,0,0,0,True,Wed Jul 08 15:00:01 +0000 2020,"Veja como se portar em bares, restaurantes e sal√µes de beleza para reduzir o risco da covid https://t.co/M7C2vB8OJV https://t.co/OuhuVfFrRs",Estadao,True,S√£o Paulo,304,156,31,271,pt,ANDROID,Princess Park üè≥Ô∏è‚Äçüåà‚É§,None,None
Wed Jul 08 23:33:33 +0000 2020,[],Leicester mayor accuses Matt Hancock of not sharing Covid-19 data https://t.co/y6ZdouGIB8,darwent_charles,False,Sun Feb 24 20:27:25 +0000 2013,4199,4988,74577,59482,0,0,0,0,False,None,None,None,None,None,None,None,None,None,en,IPHONE,London,51.5073219,-0.1276474
Wed Jul 08 23:33:33 +0000 2020,[],@SylvesterTurner you coward POS. Its ok to riot and burn and loot and kill and spread a virus and you give them zer‚Ä¶ https://t.co/AWTZqRJG9B,DanielpMac90,False,Thu Sep 21 02:59:49 +0000 2017,322,325,4407,14858,0,0,0,0,True,Tue Jun 09 03:25:51 +0000 2020,Covid-19 positive cases have been increasing for the last 2 weeks as well as hospitalizations. This current rise ca‚Ä¶ https://t.co/cZJv1VO8aS,SylvesterTurner,True,"Houston, TX",147,406,746,2651,en,ANDROID,"Houston, TX",29.7589382,-95.3676974
Wed Jul 08 23:33:33 +0000 2020,[],This is a COVID-19 Update provided by the New Mexico Department of Health in relation with Las Cruces. https://t.co/oCZNxXHpxy,ChuckDeBroder,False,Wed Oct 17 17:32:48 +0000 2012,4689,3320,17593,15578,0,0,0,0,False,None,None,None,None,None,None,None,None,None,en,WEB APP,"El Paso, Texas",31.7754152,-106.4646348
Wed Jul 08 23:33:33 +0000 2020,[],"RT @m_ebrard: Temas en la reuni√≥n M√©xico-EU : celebraci√≥n del TMEC, nuevas inversiones que traer√° consigo, coordinaci√≥n binacional contra C‚Ä¶",IslasomaIslas,False,Wed Nov 05 14:08:26 +0000 2014,23,80,5931,5626,0,0,0,0,False,None,None,None,None,None,None,None,None,None,es,ANDROID,,None,None
Wed Jul 08 23:33:33 +0000 2020,['Health'],"RT @news_ghana: #Health #000 #22 Ghana‚Äôs COVID-19 caseload nears 22,000 https://t.co/4coyT04wCF https://t.co/PXS1ALbKmL",mideasltd,False,Sat Mar 26 08:11:39 +0000 2011,992,650,158108,183,0,0,0,0,False,None,None,None,None,None,None,None,None,None,en,OTHER,Accra,5.5600141,-0.2057437
Wed Jul 08 23:33:33 +0000 2020,[],"RT @Michael25391968: @MarcRamsdale @AP See this guy in the red circle...he tested positive for covid and he's in the hospital. 
Likely isnt‚Ä¶",wmcarterelliott,False,Fri May 29 11:20:55 +0000 2009,1433,692,195199,137243,0,0,0,0,False,None,None,None,None,None,None,None,None,None,en,ANDROID,"Los Angeles, CA",34.0536909,-118.2427666
Wed Jul 08 23:33:33 +0000 2020,[],√âclosion de COVID-19 dans un camp de jour: trois animateurs test√©s positifs | Actualit√©s | Le Quotidien - Chicoutimi https://t.co/xINAkQb17v,coachRankine,False,Thu Apr 12 22:25:36 +0000 2012,2335,2010,44143,33367,0,0,0,0,False,None,None,None,None,None,None,None,None,None,fr,IPHONE,,None,None
Wed Jul 08 23:33:33 +0000 2020,['ReporteCOVID19'],"RT @MinSaludCol: #ReporteCOVID19 ü¶† Para este 8 de julio:

1.773 recuperados
4.144 nuevos casos
168 fallecidos
21.409 muestras procesadas

P‚Ä¶",VanessaOrtizFl,False,Sat Dec 09 19:54:53 +0000 2017,203,362,5847,14082,0,0,0,0,False,None,None,None,None,None,None,None,None,None,es,IPHONE,"Bogot√°, D.C., Colombia",9.3412629,-74.4950717
Wed Jul 08 23:33:33 +0000 2020,[],"Report: Without COVID-19 vaccine, Quebec may ban combat sports https://t.co/Wrllw5F7A1",avfcnews2019,False,Sat Jun 01 07:31:50 +0000 2019,847,2363,65338,0,0,0,0,0,False,None,None,None,None,None,None,None,None,None,en,OTHER,aston villa,39.2414966,-76.8421433
Wed Jul 08 23:33:34 +0000 2020,[],"RT @CBSEveningNews: FROM THE FRONT LINES: Texas reported nearly 10,000 new cases and a record 98 new deaths on Wednesday.
 
@cbsmireya went‚Ä¶",RandomMinutia,False,Mon Dec 12 23:22:04 +0000 2011,74,239,72021,11736,0,0,0,0,False,None,None,None,None,None,None,None,None,None,en,IPHONE,"St Louis, MO",38.6268039,-90.1994097
Wed Jul 08 23:33:34 +0000 2020,[],@EdgarFelix98 ni√±o covid,angelazaleaa,False,Sat Oct 08 03:14:15 +0000 2011,655,339,11646,9720,0,0,0,0,False,None,None,None,None,None,None,None,None,None,es,IPHONE,,None,None
Wed Jul 08 23:33:34 +0000 2020,[],RT @_timos_: Gilead Testing Inhaled Form Of Remdesivir That Could Be Used To Treat Covid-19 Outside Hospital https://t.co/EwowD9G2EQ &gt;&gt;&gt; ht‚Ä¶,LQVentures,False,Wed Nov 14 22:43:47 +0000 2012,258,322,78236,4,0,0,0,0,False,None,None,None,None,None,None,None,None,None,en,OTHER,Global,43.7283874,-79.34914879325001
Wed Jul 08 23:33:34 +0000 2020,[],"RT @loidagarciafebo: Ma√±ana presentaci√≥n ""Desaf√≠os de los bibliotecologos ante la nueva realidad del COVID-19"" para nueva escuela de biblio‚Ä¶",jldiaz_ar,False,Fri Oct 22 17:00:51 +0000 2010,363,1184,3656,17459,0,0,0,0,False,None,None,None,None,None,None,None,None,None,es,ANDROID,"C√≥rdoba, Argentina",-31.4173391,-64.183319
Wed Jul 08 23:33:34 +0000 2020,[],RT @lisatozzi: Everyone say ‚ÄúCOVID!‚Äù,cardboardco0kie,False,Fri Aug 24 01:09:44 +0000 2012,715,1692,28847,7268,0,0,0,0,True,Wed Jul 08 14:28:04 +0000 2020,Reflecting on great memories as POTUS welcomes President L√≥pez Obrador to celebrate the new USMCA trade agreement.‚Ä¶ https://t.co/NRFa52v526,IvankaTrump,True,"Washington, DC",473,1955,3970,15945,en,IPHONE,Dublin,53.3497645,-6.2602732
Wed Jul 08 23:33:34 +0000 2020,[],"@defunddisney7 Iya no, that is not quite true.  Je suis d√©sol√© que ce n‚Äôest pas tout √† fait vrai.  https://t.co/wUv7Nc8WhI",Mikanojo,False,Tue Oct 04 13:00:20 +0000 2011,5661,5509,196331,166413,0,0,0,0,False,None,None,None,None,None,None,None,None,None,fr,WEB APP,USA,39.7837304,-100.4458825
Wed Jul 08 23:33:34 +0000 2020,[],RT @MySportsUpdate: Ohio State has paused all voluntary workouts on campus following the results of its most recent COVID-19 testing. That‚Ä¶,gleeshie_B,False,Tue Feb 07 00:00:34 +0000 2012,1223,1141,8658,460,0,0,0,0,False,None,None,None,None,None,None,None,None,None,en,IPHONE,,None,None
Wed Jul 08 23:33:34 +0000 2020,[],Report: Ohio State suspends workouts after multiple players test positive for COVID-19 https://t.co/B3P5bfvrph,SECfootball,False,Fri Jan 07 15:20:43 +0000 2011,198841,933,90218,804,0,0,0,0,False,None,None,None,None,None,None,None,None,None,en,OTHER,Down South,53.5978278,-7.3516669
Wed Jul 08 23:33:34 +0000 2020,[],"RT @QuantumsAshes: Shitler's Tulsa Rally Source Of Coronavirus Surge: He's Killing Americans On Purpose 
https://t.co/eta1WeBjlA",ElleWibble,False,Thu Feb 05 10:21:50 +0000 2015,16923,13292,39241,56613,0,0,0,0,False,None,None,None,None,None,None,None,None,None,en,IPAD,not dublin anymore.,None,None
Wed Jul 08 23:33:34 +0000 2020,[],I need some advice before I honestly lose my mind. I've looked up COVID guidelines for my state but I'm not sure wh‚Ä¶ https://t.co/hNTAUz2mhe,BrandyMcmichael,False,Mon Mar 18 15:33:35 +0000 2019,15,210,158,1005,0,0,0,0,False,None,None,None,None,None,None,None,None,None,en,WEB APP,Alabama,33.2588817,-86.8295337
Wed Jul 08 23:33:34 +0000 2020,[],"RT @Mozzein_: N√£o indo, boa tarde.",lnxyss,False,Wed Dec 21 19:31:15 +0000 2016,402,611,13238,12155,0,0,0,0,True,Wed Jul 08 15:00:01 +0000 2020,"Veja como se portar em bares, restaurantes e sal√µes de beleza para reduzir o risco da covid https://t.co/M7C2vB8OJV https://t.co/OuhuVfFrRs",Estadao,True,S√£o Paulo,304,156,31,271,pt,IPHONE,,None,None
Wed Jul 08 23:33:34 +0000 2020,[],"RT @maddow: ""Five COVID-19 testing sites in Sacramento, California to close down due to supply shortages""
https://t.co/QsI5vumS8U",NinaLS_,False,Sun May 05 17:33:00 +0000 2013,2720,3466,81079,60529,0,0,0,0,False,None,None,None,None,None,None,None,None,None,en,IPHONE,Toronto,43.6534817,-79.3839347
Wed Jul 08 23:33:34 +0000 2020,[],School reopening plans are now part of COVID-19 politics. Teachers fear for safety. https://t.co/vmXcJpy7b9 @usatoday,CIMAGES,False,Fri May 20 10:48:49 +0000 2011,612,2104,182334,658,0,0,0,0,False,None,None,None,None,None,None,None,None,None,en,WEB APP,"City Island, New York City, NY",40.847455999999994,-73.78646637155543
Wed Jul 08 23:33:34 +0000 2020,[],"Ontario news.
https://t.co/koZbQ0J7IJ",RobertW21740662,False,Tue Oct 01 01:42:24 +0000 2019,59,15,32762,3183,0,0,0,0,False,None,None,None,None,None,None,None,None,None,pt,ANDROID,"New York, USA",40.7127281,-74.0060152
Wed Jul 08 23:33:34 +0000 2020,[],@realDonaldTrump This genocide must be in jail.,fabianenca,False,Sun Aug 09 19:15:52 +0000 2009,780,1798,13156,2100,0,0,0,0,True,Tue Jul 07 21:52:18 +0000 2020,"Another White House talking point touted by Press Sec. McEnany, VP Pence, and Trump himself is the U.S.' low COVID‚Ä¶ https://t.co/bZcxEg7MJH",therecount,True,"New York, NY",196,275,1266,2321,en,IPHONE,"Florida,USA",27.7567667,-81.4639835
Wed Jul 08 23:33:34 +0000 2020,[],Democrats across the country blame the death and violence happening in liberal cities on COVID-19. Not on BLM or An‚Ä¶ https://t.co/igaFNTyhj6,omgmathews1,False,Mon Mar 23 03:03:49 +0000 2020,6138,6001,14675,15942,0,0,0,0,False,None,None,None,None,None,None,None,None,None,en,IPHONE,,None,None
Wed Jul 08 23:33:34 +0000 2020,[],"RT @mitchellvii: Let's see.

They are counting people who have never been tested as Covid-positive. They are testing people with anti-bodie‚Ä¶",Birdeefish,False,Wed Oct 19 22:52:13 +0000 2016,6199,6657,25761,9641,0,0,0,0,False,None,None,None,None,None,None,None,None,None,en,IPHONE,"Florida, USA",27.7567667,-81.4639835
Wed Jul 08 23:33:34 +0000 2020,[],"RT @BashirAhmaad: Many people still doubt the COVID-19 in Nigeria, please get them to watch this exclusive report on the pandemic by the @B‚Ä¶",kingEnglish__,False,Sun Jun 10 11:52:23 +0000 2012,3255,2317,79762,22697,0,0,0,0,False,None,None,None,None,None,None,None,None,None,en,IPHONE,,None,None
Wed Jul 08 23:33:34 +0000 2020,['Yemen'],"RT @MMale63: I believe that we are all brothers and sisters in humanity. HELP save the children in #Yemen who are fighting famine, cholera,‚Ä¶",MMale63,False,Wed Mar 04 19:01:03 +0000 2020,61,6,2240,1330,0,0,0,0,False,None,None,None,None,None,None,None,None,None,en,WEB APP,,None,None
Wed Jul 08 23:33:34 +0000 2020,[],"RT @TO_Resident: @JustANurse99 @omyword omg!

Bradenton men charged, accused of selling toxic 'miracle' bleach to cure COVID-19 https://t.c‚Ä¶",Yvonnefrench469,False,Sun Mar 10 22:45:39 +0000 2019,361,382,4980,99338,0,0,0,0,False,None,None,None,None,None,None,None,None,None,en,ANDROID,"Battle Creek, MI",42.3192548,-85.1824269
Wed Jul 08 23:33:34 +0000 2020,[],RT @mitchellvii: COVID-19 is the first virus in history where you have to take a test to find out if you are sick.,OurBestTimeline,False,Sat May 25 23:22:10 +0000 2013,2378,4493,15326,26156,0,0,0,0,False,None,None,None,None,None,None,None,None,None,en,WEB APP,United States,39.7837304,-100.4458825
Wed Jul 08 23:33:34 +0000 2020,['ElPeorGobiernoDeLaHistoria'],"RT @MashiRafael: Hoy se quejan,  pero han sido los principales c√≥mplices de #ElPeorGobiernoDeLaHistoria .
Si se analiza desde diciembre, se‚Ä¶",rpilligua,False,Wed Jun 01 03:36:35 +0000 2011,320,253,31340,21773,0,0,0,0,False,None,None,None,None,None,None,None,None,None,es,ANDROID,Balzar,-1.3063032,-79.93497667997286
Wed Jul 08 23:33:34 +0000 2020,[],DIOS,spearmiel,False,Thu Apr 09 05:16:00 +0000 2020,767,546,9786,8527,0,0,0,0,True,Wed Jul 08 23:20:48 +0000 2020,"WTF HOY ES ESTO TAMBI√âN, no se olviden que stray kids participa en world is one, el concierto kpop de donacion por‚Ä¶ https://t.co/EucS0pzQDI",hyunjinsavage,False,cami ‚ô° ,4,5,53,134,es,ANDROID, ìè≤‚ô°,None,None
Wed Jul 08 23:33:34 +0000 2020,[],RT @_timos_: Should We Experimentally Infect People With Covid-19 To Speed Up Vaccine Development? https://t.co/KppMUXf8NK &gt;&gt;&gt; https://t.co‚Ä¶,LQVentures,False,Wed Nov 14 22:43:47 +0000 2012,258,322,78237,4,0,0,0,0,False,None,None,None,None,None,None,None,None,None,en,OTHER,Global,43.7283874,-79.34914879325001
Wed Jul 08 23:33:34 +0000 2020,['FAKE'],RT @jornalextra: √â #FAKE que edi√ß√£o da revista 'Veja' de 2003 j√° falasse da Covid-19 https://t.co/kebH6IPgMi https://t.co/XeGiaPtBZA,BrandaoGueiros,False,Fri Mar 09 17:24:42 +0000 2018,21154,20236,136420,118355,0,0,0,0,False,None,None,None,None,None,None,None,None,None,pt,ANDROID,London,51.5073219,-0.1276474
Wed Jul 08 23:33:34 +0000 2020,[],Sorry for the typos.....üôÉ,gohavfun,False,Fri Nov 11 14:49:06 +0000 2011,3255,4985,11353,17670,0,0,0,0,True,Wed Jul 08 23:32:49 +0000 2020,"NY state Covid numbers are FAKE.
THEY DOUBLE THEIR NUMBERS IN A SQEEPING ASSUMPTION THAT ALL INCREADED DEATHS DURIN‚Ä¶ https://t.co/MOX26ZWB8X",gohavfun,False,,0,0,0,0,en,ANDROID,,None,None
Wed Jul 08 23:33:34 +0000 2020,[],Arizona Supreme Court getting more pressure to postpone July Arizona Bar Exam. The in-person exam usually draws mor‚Ä¶ https://t.co/Mjam7iyABd,anneryman,True,Mon May 11 19:49:13 +0000 2009,6214,3325,14316,4793,0,0,0,0,False,None,None,None,None,None,None,None,None,None,en,OTHER,"Phoenix, Ariz.",33.4484367,-112.0741417
Wed Jul 08 23:33:34 +0000 2020,[],SHUT UP JOE. WE‚ÄôRE DONE WITH THE LIES.  You are soo done!!!!,airforcebratt,False,Tue Apr 28 11:57:59 +0000 2009,282,1076,4824,2099,0,0,0,0,True,Wed Jul 08 17:56:00 +0000 2020,"When there were 15 cases, the President said it wouldn't spread any farther. 

We just hit our 3 millionth case.

W‚Ä¶ https://t.co/z7K6TWItef",JoeBiden,True,"Wilmington, DE",742,3179,15665,61505,en,IPAD,,None,None
Wed Jul 08 23:33:34 +0000 2020,[],"El Ayuntamiento redobla esfuerzos para cuidar la salud de la poblaci√≥n vulnerable M√©rida, 8 de julio de 2020. Ante‚Ä¶ https://t.co/jWGXB9a2QV",VisionPe,False,Tue Apr 19 15:44:01 +0000 2011,986,1043,127711,83,0,0,0,0,False,None,None,None,None,None,None,None,None,None,es,OTHER,,None,None
Wed Jul 08 23:33:34 +0000 2020,[],"RT @klillington: My view on the app. Little evidence apps do anything at all, folks, vs LOTS of evidence masks would prevent a resurgence.‚Ä¶",Maura2e2_,False,Tue Jun 14 12:12:32 +0000 2016,3264,4997,73829,75704,0,0,0,0,False,None,None,None,None,None,None,None,None,None,en,IPAD,"Co Clare, Ireland",52.857257450000006,-8.937435925994537
Wed Jul 08 23:33:34 +0000 2020,['Arizona'],RT @Cleavon_MD: I‚Äôm an ER Doctor. I‚Äôm not sending my kids to school in #Arizona during a fucking pandemic. I‚Äôm okay risking my life to trea‚Ä¶,Rebecca74222325,False,Sat Jun 03 20:55:53 +0000 2017,0,9,39,222,0,0,0,0,False,None,None,None,None,None,None,None,None,None,en,WEB APP,,None,None
Wed Jul 08 23:33:34 +0000 2020,[],RT @Phoo_NoLimit: I will be sending $200 to the first 900 people to retweet &amp; like this drop your cashapp paypal zelle or apple pay ü•≥ü•≥ #COV‚Ä¶,lulsoniaaa,False,Tue Mar 17 10:56:58 +0000 2020,8,37,31,7,0,0,0,0,False,None,None,None,None,None,None,None,None,None,en,IPHONE,,None,None
Wed Jul 08 23:33:34 +0000 2020,[],"RT @KyleKulinski: Japan has less than 1,000 covid deaths. They never went in to full economic shut down. They have an unemployment rate of‚Ä¶",FranGentry13,False,Sat Apr 16 22:40:43 +0000 2016,27,358,1227,6957,0,0,0,0,False,None,None,None,None,None,None,None,None,None,en,IPAD,"Louisville, KY",38.2542376,-85.759407
